{"accuracy": [0.6897500157356262, 0.9331666827201843, 0.965499997138977, 0.9772499799728394, 0.9786666631698608, 0.9867500066757202, 0.9871666431427002, 0.9888333082199097, 0.9856666922569275, 0.9900000095367432, 0.9911666512489319, 0.9884999990463257, 0.9911666512489319, 0.9919166564941406, 0.9953333139419556, 0.9929166436195374, 0.9921666383743286, 0.9922500252723694, 0.9924166798591614, 0.9912499785423279], "loss": [1.0929876565933228, 0.20576083660125732, 0.10407810658216476, 0.0721515640616417, 0.061806634068489075, 0.04137229919433594, 0.03917008265852928, 0.03742619603872299, 0.04840998724102974, 0.034751519560813904, 0.028817346319556236, 0.037613678723573685, 0.02426387555897236, 0.02571297623217106, 0.014433004893362522, 0.020560728386044502, 0.02672675997018814, 0.027473831549286842, 0.029429074376821518, 0.03383074328303337], "val_accuracy": [0.8676666617393494, 0.9663333296775818, 0.972000002861023, 0.9806666374206543, 0.9806666374206543, 0.9666666388511658, 0.9330000281333923, 0.9833333492279053, 0.9743333458900452, 0.9803333282470703, 0.987333357334137, 0.9869999885559082, 0.9883333444595337, 0.9869999885559082, 0.9923333525657654, 0.9723333120346069, 0.9883333444595337, 0.984000027179718, 0.984666645526886, 0.9806666374206543], "val_loss": [0.397957444190979, 0.10814947634935379, 0.09215658903121948, 0.06154042109847069, 0.05859331786632538, 0.12465516477823257, 0.25470492243766785, 0.05683010444045067, 0.103268563747406, 0.07359180599451065, 0.05442942678928375, 0.05242251977324486, 0.04352835193276405, 0.04967552050948143, 0.03814084455370903, 0.1205001026391983, 0.04910576716065407, 0.07812675833702087, 0.07290063798427582, 0.09125187247991562]}