{"accuracy": [0.17225000262260437, 0.30683332681655884, 0.43416666984558105, 0.5246666669845581, 0.5945833325386047, 0.656333327293396, 0.6984166502952576, 0.7289166450500488, 0.7601666450500488, 0.7831666469573975, 0.8065833449363708, 0.8197500109672546, 0.8418333530426025, 0.8364166617393494, 0.8508333563804626, 0.8536666631698608, 0.8615000247955322, 0.8713333606719971, 0.8736666440963745, 0.8837500214576721], "loss": [5.023993015289307, 2.17265248298645, 1.6787813901901245, 1.3801072835922241, 1.1486777067184448, 0.9923224449157715, 0.8563839793205261, 0.773007869720459, 0.6810625791549683, 0.6128026247024536, 0.5584367513656616, 0.5202049016952515, 0.4707010090351105, 0.48240792751312256, 0.43403202295303345, 0.42446210980415344, 0.40287813544273376, 0.37625131011009216, 0.3790704309940338, 0.34889835119247437], "val_accuracy": [0.296999990940094, 0.42899999022483826, 0.5590000152587891, 0.6179999709129333, 0.6743333339691162, 0.7226666808128357, 0.7319999933242798, 0.7646666765213013, 0.7723333239555359, 0.7910000085830688, 0.7876666784286499, 0.8063333630561829, 0.8059999942779541, 0.8063333630561829, 0.809333324432373, 0.8263333439826965, 0.828000009059906, 0.8233333230018616, 0.8309999704360962, 0.8253333568572998], "val_loss": [2.2389605045318604, 1.6992006301879883, 1.3135038614273071, 1.1065826416015625, 0.9382354617118835, 0.8265666365623474, 0.7671875953674316, 0.6959908604621887, 0.6823110580444336, 0.6073353886604309, 0.6464869976043701, 0.5863915085792542, 0.5890546441078186, 0.6093472242355347, 0.6165065169334412, 0.5713509917259216, 0.539225161075592, 0.556763231754303, 0.5518758893013, 0.5598561763763428]}