{"accuracy": [0.4027499854564667, 0.656000018119812, 0.7474166750907898, 0.7914999723434448, 0.8369166851043701, 0.8678333163261414, 0.8884999752044678, 0.8975833058357239, 0.90625, 0.918833315372467, 0.9275000095367432, 0.9392499923706055, 0.9411666393280029, 0.9430833458900452, 0.9467499852180481, 0.9517499804496765, 0.9539999961853027, 0.956416666507721, 0.9570833444595337, 0.9635833501815796], "loss": [1.8559632301330566, 1.0327458381652832, 0.7399902939796448, 0.5846492648124695, 0.47189778089523315, 0.3754092752933502, 0.31906434893608093, 0.28322166204452515, 0.2589338421821594, 0.23087728023529053, 0.20773905515670776, 0.17281848192214966, 0.1711859554052353, 0.15653406083583832, 0.15135835111141205, 0.14120052754878998, 0.12761466205120087, 0.12746138870716095, 0.12040696293115616, 0.10631784796714783], "val_accuracy": [0.6396666765213013, 0.7393333315849304, 0.7620000243186951, 0.7983333468437195, 0.8083333373069763, 0.8066666722297668, 0.8353333473205566, 0.8389999866485596, 0.8173333406448364, 0.8500000238418579, 0.8426666855812073, 0.8423333168029785, 0.8483333587646484, 0.8610000014305115, 0.8653333187103271, 0.843999981880188, 0.8583333492279053, 0.8610000014305115, 0.859000027179718, 0.8700000047683716], "val_loss": [1.0910919904708862, 0.7939473390579224, 0.7046515345573425, 0.5975475907325745, 0.5764132738113403, 0.6030988097190857, 0.5251383185386658, 0.5404431819915771, 0.5916690826416016, 0.5354809761047363, 0.5324367880821228, 0.5354286432266235, 0.5587866306304932, 0.5219695568084717, 0.5134313106536865, 0.5635485053062439, 0.5623701214790344, 0.5371040105819702, 0.5465484261512756, 0.555688738822937]}