{"accuracy": [0.5234166383743286, 0.7551666498184204, 0.8345833420753479, 0.8836666941642761, 0.9151666760444641, 0.9370833039283752, 0.9549166560173035, 0.9676666855812073, 0.9801666736602783, 0.981249988079071, 0.9848333597183228, 0.9792500138282776, 0.9722499847412109, 0.9726666808128357, 0.984749972820282, 0.9915000200271606, 0.9936666488647461, 0.9927499890327454, 0.9930833578109741, 0.9892500042915344], "loss": [1.5770505666732788, 0.8023881912231445, 0.5551731586456299, 0.406215101480484, 0.2990589141845703, 0.2271704077720642, 0.17443957924842834, 0.1275821030139923, 0.09179479628801346, 0.08480969816446304, 0.06992677599191666, 0.08395212143659592, 0.1027493104338646, 0.09633126854896545, 0.06154926121234894, 0.03753533586859703, 0.02914133109152317, 0.029710659757256508, 0.032643791288137436, 0.045088816434144974], "val_accuracy": [0.656333327293396, 0.721666693687439, 0.7409999966621399, 0.7613333463668823, 0.762333333492279, 0.7526666522026062, 0.762333333492279, 0.7706666588783264, 0.7540000081062317, 0.7599999904632568, 0.7586666941642761, 0.7580000162124634, 0.7586666941642761, 0.7703333497047424, 0.7713333368301392, 0.7919999957084656, 0.7866666913032532, 0.7853333353996277, 0.7749999761581421, 0.7630000114440918], "val_loss": [1.107661485671997, 0.8863229751586914, 0.7913185358047485, 0.7541875243186951, 0.7411710023880005, 0.7914533615112305, 0.7707634568214417, 0.7789396047592163, 0.8412020802497864, 0.8488567471504211, 0.8760589957237244, 0.9022154808044434, 0.884932279586792, 0.8566440343856812, 0.8884299397468567, 0.8326994776725769, 0.8343864679336548, 0.8891570568084717, 0.9412193298339844, 0.9506672620773315]}