{"accuracy": [0.18958333134651184, 0.35100001096725464, 0.45658332109451294, 0.5565000176429749, 0.6155833601951599, 0.6756666898727417, 0.7113333344459534, 0.7401666641235352, 0.7759166955947876, 0.7840833067893982, 0.8088333606719971, 0.8268333077430725, 0.8396666646003723, 0.8483333587646484, 0.8539166450500488, 0.8576666712760925, 0.8690833449363708, 0.8692499995231628, 0.8789166808128357, 0.8861666917800903], "loss": [5.120330810546875, 2.092479705810547, 1.6385608911514282, 1.3105405569076538, 1.1062335968017578, 0.9564913511276245, 0.8305062651634216, 0.742665708065033, 0.6442395448684692, 0.6166353821754456, 0.5513603687286377, 0.496181845664978, 0.4682064652442932, 0.4415900409221649, 0.4311562478542328, 0.4198981821537018, 0.3876393735408783, 0.37635567784309387, 0.36024028062820435, 0.3400772213935852], "val_accuracy": [0.38366666436195374, 0.5183333158493042, 0.6029999852180481, 0.6643333435058594, 0.7070000171661377, 0.746999979019165, 0.7506666779518127, 0.7816666960716248, 0.7693333625793457, 0.8019999861717224, 0.8026666641235352, 0.8009999990463257, 0.7933333516120911, 0.8056666851043701, 0.800000011920929, 0.8136666417121887, 0.8159999847412109, 0.8230000138282776, 0.8069999814033508, 0.8220000267028809], "val_loss": [2.0329058170318604, 1.5602749586105347, 1.2275391817092896, 1.0275156497955322, 0.863207995891571, 0.7732133865356445, 0.7304458022117615, 0.6695777177810669, 0.681815505027771, 0.6085249185562134, 0.5959138870239258, 0.5990005135536194, 0.6020591855049133, 0.6017152667045593, 0.6130729913711548, 0.570070743560791, 0.5871308445930481, 0.5974968075752258, 0.5999656915664673, 0.5951241850852966]}