{"accuracy": [0.4429166615009308, 0.6990833282470703, 0.7892500162124634, 0.840499997138977, 0.875, 0.89083331823349, 0.9158333539962769, 0.9214166402816772, 0.9322500228881836, 0.9411666393280029, 0.9475833177566528, 0.9526666402816772, 0.9599166512489319, 0.9591666460037231, 0.9682499766349792, 0.9700833559036255, 0.9674166440963745, 0.968999981880188, 0.9704166650772095, 0.9729166626930237], "loss": [1.7304433584213257, 0.8926830887794495, 0.6084393858909607, 0.45620018243789673, 0.352866530418396, 0.30453863739967346, 0.24579504132270813, 0.22301821410655975, 0.19405388832092285, 0.16762223839759827, 0.14619854092597961, 0.1385093629360199, 0.11650820076465607, 0.11721070110797882, 0.09569186717271805, 0.08612942695617676, 0.09343373775482178, 0.08866115659475327, 0.08293743431568146, 0.08056388050317764], "val_accuracy": [0.6836666464805603, 0.7559999823570251, 0.7739999890327454, 0.8230000138282776, 0.8270000219345093, 0.8379999995231628, 0.8446666598320007, 0.8446666598320007, 0.8500000238418579, 0.846666693687439, 0.856333315372467, 0.8539999723434448, 0.8583333492279053, 0.8673333525657654, 0.8736666440963745, 0.862333357334137, 0.8696666955947876, 0.871999979019165, 0.8679999709129333, 0.8703333139419556], "val_loss": [0.9419025182723999, 0.7170671224594116, 0.6849619150161743, 0.550729513168335, 0.5394524335861206, 0.5218416452407837, 0.49806109070777893, 0.5242470502853394, 0.5064056515693665, 0.5453276038169861, 0.4755147695541382, 0.5343722105026245, 0.5247382521629333, 0.476358562707901, 0.47774407267570496, 0.5423774719238281, 0.5373504757881165, 0.5304855704307556, 0.5154781341552734, 0.5136719346046448]}