{"accuracy": [0.18275000154972076, 0.33766666054725647, 0.45274999737739563, 0.5534999966621399, 0.6171666383743286, 0.6710833311080933, 0.7090833187103271, 0.7512500286102295, 0.7675833106040955, 0.7924166917800903, 0.8053333163261414, 0.8227499723434448, 0.8307499885559082, 0.8370000123977661, 0.8475000262260437, 0.8547499775886536, 0.8598333597183228, 0.8637499809265137, 0.8765833377838135, 0.878333330154419], "loss": [5.1064958572387695, 2.1219289302825928, 1.6484661102294922, 1.3368721008300781, 1.1088403463363647, 0.94681715965271, 0.8304677605628967, 0.7185768485069275, 0.6733615398406982, 0.6052238941192627, 0.5609898567199707, 0.5126858353614807, 0.4887453615665436, 0.4681219756603241, 0.44326502084732056, 0.4309658110141754, 0.4148024618625641, 0.3958190083503723, 0.37807613611221313, 0.3665076196193695], "val_accuracy": [0.34299999475479126, 0.4806666672229767, 0.6023333072662354, 0.67166668176651, 0.7099999785423279, 0.721666693687439, 0.753000020980835, 0.746666669845581, 0.7620000243186951, 0.7896666526794434, 0.8056666851043701, 0.8016666769981384, 0.7973333597183228, 0.793666660785675, 0.8073333501815796, 0.809333324432373, 0.8090000152587891, 0.8130000233650208, 0.8166666626930237, 0.8106666803359985], "val_loss": [2.130709409713745, 1.5935560464859009, 1.2252886295318604, 1.0335348844528198, 0.8903039693832397, 0.815017819404602, 0.741720974445343, 0.7285826206207275, 0.7031984925270081, 0.6178170442581177, 0.595975935459137, 0.5876943469047546, 0.6350879073143005, 0.6245397329330444, 0.5696760416030884, 0.5667406320571899, 0.614565908908844, 0.5785245895385742, 0.6166332364082336, 0.6164310574531555]}