{"accuracy": [0.6570000052452087, 0.9214166402816772, 0.9597499966621399, 0.9748333096504211, 0.9769166707992554, 0.9821666479110718, 0.9863333106040955, 0.9868333339691162, 0.9851666688919067, 0.9900833368301392, 0.9884166717529297, 0.9919166564941406, 0.9900833368301392, 0.9912499785423279, 0.9909166693687439, 0.9912499785423279, 0.9913333058357239, 0.9930833578109741, 0.9917500019073486, 0.9925833344459534], "loss": [1.2402950525283813, 0.23942065238952637, 0.12301498651504517, 0.07760512083768845, 0.06695888936519623, 0.05699709430336952, 0.043686430901288986, 0.03969448804855347, 0.045398786664009094, 0.0342763289809227, 0.04050913453102112, 0.02629493735730648, 0.028674593195319176, 0.02815387211740017, 0.026745595037937164, 0.029991023242473602, 0.030598338693380356, 0.027695665135979652, 0.024585988372564316, 0.023493431508541107], "val_accuracy": [0.9120000004768372, 0.8963333368301392, 0.9526666402816772, 0.9696666598320007, 0.9753333330154419, 0.987333357334137, 0.9903333187103271, 0.9616666436195374, 0.9773333072662354, 0.9776666760444641, 0.9796666502952576, 0.9903333187103271, 0.9323333501815796, 0.9903333187103271, 0.9746666550636292, 0.9866666793823242, 0.9869999885559082, 0.9593333601951599, 0.984666645526886, 0.9890000224113464], "val_loss": [0.35656362771987915, 0.25386670231819153, 0.11350617557764053, 0.08267378062009811, 0.07591699063777924, 0.039188724011182785, 0.0386960431933403, 0.1361226737499237, 0.09799302369356155, 0.0709899365901947, 0.07532870024442673, 0.03340735286474228, 0.2694641947746277, 0.040364667773246765, 0.08822064101696014, 0.041361670941114426, 0.060863424092531204, 0.14555750787258148, 0.07596894353628159, 0.04414282366633415]}